{

"images": [
    "textureAtlas.png"
],

"framerate": 20,
"frames": [
    [2, 2, 16, 16, 0, 0, 0],
    [20, 2, 226, 178, 0, 0, 0],
    [2, 182, 44, 40, 0, 0, 0],
    [48, 182, 44, 40, 0, 0, 0],
    [94, 182, 44, 40, 0, 0, 0],
    [140, 182, 44, 40, 0, 0, 0],
    [186, 182, 44, 40, 0, 0, 0],
    [2, 224, 44, 40, 0, 0, 0],
    [48, 224, 44, 40, 0, 0, 0],
    [94, 224, 44, 40, 0, 0, 0],
    [140, 224, 44, 40, 0, 0, 0],
    [186, 224, 44, 40, 0, 0, 0],
    [2, 266, 93, 74, 0, 0, 0],
    [97, 266, 93, 74, 0, 0, 0],
    [2, 342, 93, 74, 0, 0, 0],
    [97, 342, 65, 65, 0, 0, 0],
    [164, 342, 65, 65, 0, 0, 0],
    [2, 418, 65, 65, 0, 0, 0],
    [69, 418, 65, 65, 0, 0, 0],
    [136, 418, 65, 65, 0, 0, 0],
    [2, 485, 65, 65, 0, 0, 0],
    [69, 485, 65, 65, 0, 0, 0],
    [136, 485, 62, 63, 0, 0, 0],
    [2, 552, 65, 65, 0, 0, 0],
    [69, 552, 65, 65, 0, 0, 0],
    [136, 552, 65, 65, 0, 0, 0],
    [2, 619, 65, 65, 0, 0, 0],
    [69, 619, 65, 65, 0, 0, 0],
    [2, 686, 200, 60, 0, 0, 0],
    [204, 686, 32, 32, 0, 0, 0],
    [2, 748, 32, 32, 0, 0, 0],
    [36, 748, 32, 32, 0, 0, 0],
    [70, 748, 32, 32, 0, 0, 0],
    [104, 748, 32, 32, 0, 0, 0],
    [138, 748, 32, 32, 0, 0, 0],
    [2, 782, 200, 60, 0, 0, 0]
],

"animations": {
    "bullet": { "frames": [0] },
    "cloud": { "frames": [1] },
    "coin": {
      "frames": [2, 3, 4, 5, 6, 7, 8, 9, 10, 11],
      "speed": 0.33
    },
    "enemy": {
      "frames": [12, 13, 14],
      "speed": 0.25
    },
    "explosion": {
      "frames": [15, 16, 17, 18, 19, 20, 21],
      "speed": 0.16
    },
    "island": { "frames": [22] },
    "plane": { "frames": [23, 24, 25] },
    "planeflash": {
      "frames": [26, 27, 26, 27, 26, 27],
      "speed": 0.08
    },
    "restartButton": { "frames": [28] },
    "smallexplosion": {
      "frames": [29, 30, 31, 32, 33, 34],
      "speed": 0.16
    },
    "startButton": { "frames": [35] }
},

"texturepacker": [
        "SmartUpdateHash: $TexturePacker:SmartUpdate:2871f48a487603165977cacbfc0a7f66:782d545a283d2e5870b7a3159505e756:2b5604bc88faefd55ddac16e9bce1532$",
        "Created with TexturePacker (https://www.codeandweb.com/texturepacker) for EaselJS"
]

}
